Zip,UPC
35475,74101210101
72069,74101210101
94088,74101210101
70526,74101210101
33401,74101210101
71744,74101210101
50848,74101210101
60970,74101210101
47172,74101210101
30332,74101210101
66725,74101210101
40311,74101210101
63373,74101210101
39056,74101210101
27302,74101210101
42728,74101210101
29080,74101210101
37091,74101210101
74540,74101210101
22108,74101210101
26585,74101210101
35653,74101210101
72019,74101210101
70445,74101210101
33548,74101210101
71225,74101210101
52556,74101210101
61550,74101210101
47725,74101210101
30401,74101210101
67353,74101210101
41317,74101210101
64401,74101210101
39069,74101210101
27823,74101210101
43766,74101210101
29081,74101210101
37189,74101210101
75432,74101210101
22801,74101210101
25545,74101210101
35901,74101210101
72738,74101210101
70811,74101210101
32344,74101210101
71303,74101210101
62707,74101210101
47802,74101210101
30577,74101210101
66040,74101210101
63468,74101210101
39345,74101210101
28110,74101210101
42445,74101210101
29108,74101210101
37617,74101210101
74059,74101210101
23487,74101210101
26208,74101210101
36022,74101210101
72401,74101210101
32439,74101210101
71101,74101210101
62812,74101210101
46176,74101210101
30631,74101210101
66801,74101210101
63640,74101210101
39429,74101210101
28139,74101210101
29429,74101210101
37863,74101210101
76272,74101210101
23930,74101210101
36027,74101210101
72653,74101210101
32443,74101210101
71854,74101210101
45068,74101210101
30721,74101210101
66544,74101210101
63834,74101210101
39452,74101210101
28352,74101210101
29582,74101210101
38344,74101210101
76065,74101210101
24153,74101210101
36028,74101210101
32626,74101210101
71953,74101210101
31030,74101210101
67460,74101210101
63935,74101210101
39744,74101210101
28366,74101210101
38583,74101210101
75948,74101210101
24828,74101210101
36451,74101210101
32609,74101210101
73030,74101210101
31331,74101210101
67031,74101210101
65101,74101210101
28454,74101210101
38635,74101210101
77632,74101210101
36855,74101210101
32082,74101210101
31630,74101210101
66966,74101210101
65542,74101210101
28676,74101210101
38751,74101210101
77327,74101210101
34715,74101210101
73755,74101210101
31791,74101210101
68467,74101210101
65802,74101210101
75389,74101210101
33470,74101210101
33134,74101210101
68463,74101210101
76708,74101210101
33982,74101210101
77879,74101210101
34141,74101210101
67155,74101210101
77437,74101210101
78122,74101210101
78102,74101210101
78385,74101210101
78559,74101210101
78360,74101210101
78014,74101210101
78834,74101210101
78005,74101210101
78759,74101210101
78010,74101210101
78843,74101210101
78801,74101210101
76458,74101210101
76442,74101210101
35475,74101210163
72069,74101210163
94088,74101210163
70526,74101210163
33401,74101210163
71744,74101210163
50848,74101210163
60970,74101210163
47172,74101210163
30332,74101210163
66725,74101210163
40311,74101210163
63373,74101210163
39056,74101210163
27302,74101210163
42728,74101210163
29080,74101210163
37091,74101210163
74540,74101210163
22108,74101210163
26585,74101210163
35653,74101210163
72019,74101210163
70445,74101210163
33548,74101210163
71225,74101210163
52556,74101210163
61550,74101210163
47725,74101210163
30401,74101210163
67353,74101210163
41317,74101210163
64401,74101210163
39069,74101210163
27823,74101210163
43766,74101210163
29081,74101210163
37189,74101210163
75432,74101210163
22801,74101210163
25545,74101210163
35901,74101210163
72738,74101210163
70811,74101210163
32344,74101210163
71303,74101210163
62707,74101210163
47802,74101210163
30577,74101210163
66040,74101210163
63468,74101210163
39345,74101210163
28110,74101210163
42445,74101210163
29108,74101210163
37617,74101210163
74059,74101210163
23487,74101210163
26208,74101210163
36022,74101210163
72401,74101210163
32439,74101210163
71101,74101210163
62812,74101210163
46176,74101210163
30631,74101210163
66801,74101210163
63640,74101210163
39429,74101210163
28139,74101210163
29429,74101210163
37863,74101210163
76272,74101210163
23930,74101210163
36027,74101210163
72653,74101210163
32443,74101210163
71854,74101210163
45068,74101210163
30721,74101210163
66544,74101210163
63834,74101210163
39452,74101210163
28352,74101210163
29582,74101210163
38344,74101210163
76065,74101210163
24153,74101210163
36028,74101210163
32626,74101210163
71953,74101210163
31030,74101210163
67460,74101210163
63935,74101210163
39744,74101210163
28366,74101210163
38583,74101210163
75948,74101210163
24828,74101210163
36451,74101210163
32609,74101210163
73030,74101210163
31331,74101210163
67031,74101210163
65101,74101210163
28454,74101210163
38635,74101210163
77632,74101210163
36855,74101210163
32082,74101210163
31630,74101210163
66966,74101210163
65542,74101210163
28676,74101210163
38751,74101210163
77327,74101210163
34715,74101210163
73755,74101210163
31791,74101210163
68467,74101210163
65802,74101210163
75389,74101210163
33470,74101210163
33134,74101210163
68463,74101210163
76708,74101210163
33982,74101210163
77879,74101210163
34141,74101210163
67155,74101210163
77437,74101210163
78122,74101210163
78102,74101210163
78385,74101210163
78559,74101210163
78360,74101210163
78014,74101210163
78834,74101210163
78005,74101210163
78759,74101210163
78010,74101210163
78843,74101210163
78801,74101210163
76458,74101210163
76442,74101210163
35475,74101210125
72069,74101210125
94088,74101210125
70526,74101210125
33401,74101210125
71744,74101210125
50848,74101210125
60970,74101210125
47172,74101210125
30332,74101210125
66725,74101210125
40311,74101210125
63373,74101210125
39056,74101210125
27302,74101210125
42728,74101210125
29080,74101210125
37091,74101210125
74540,74101210125
22108,74101210125
26585,74101210125
35653,74101210125
72019,74101210125
70445,74101210125
33548,74101210125
71225,74101210125
52556,74101210125
61550,74101210125
47725,74101210125
30401,74101210125
67353,74101210125
41317,74101210125
64401,74101210125
39069,74101210125
27823,74101210125
43766,74101210125
29081,74101210125
37189,74101210125
75432,74101210125
22801,74101210125
25545,74101210125
35901,74101210125
72738,74101210125
70811,74101210125
32344,74101210125
71303,74101210125
62707,74101210125
47802,74101210125
30577,74101210125
66040,74101210125
63468,74101210125
39345,74101210125
28110,74101210125
42445,74101210125
29108,74101210125
37617,74101210125
74059,74101210125
23487,74101210125
26208,74101210125
36022,74101210125
72401,74101210125
32439,74101210125
71101,74101210125
62812,74101210125
46176,74101210125
30631,74101210125
66801,74101210125
63640,74101210125
39429,74101210125
28139,74101210125
29429,74101210125
37863,74101210125
76272,74101210125
23930,74101210125
36027,74101210125
72653,74101210125
32443,74101210125
71854,74101210125
45068,74101210125
30721,74101210125
66544,74101210125
63834,74101210125
39452,74101210125
28352,74101210125
29582,74101210125
38344,74101210125
76065,74101210125
24153,74101210125
36028,74101210125
32626,74101210125
71953,74101210125
31030,74101210125
67460,74101210125
63935,74101210125
39744,74101210125
28366,74101210125
38583,74101210125
75948,74101210125
24828,74101210125
36451,74101210125
32609,74101210125
73030,74101210125
31331,74101210125
67031,74101210125
65101,74101210125
28454,74101210125
38635,74101210125
77632,74101210125
36855,74101210125
32082,74101210125
31630,74101210125
66966,74101210125
65542,74101210125
28676,74101210125
38751,74101210125
77327,74101210125
34715,74101210125
73755,74101210125
31791,74101210125
68467,74101210125
65802,74101210125
75389,74101210125
33470,74101210125
33134,74101210125
68463,74101210125
76708,74101210125
33982,74101210125
77879,74101210125
34141,74101210125
67155,74101210125
77437,74101210125
78122,74101210125
78102,74101210125
78385,74101210125
78559,74101210125
78360,74101210125
78014,74101210125
78834,74101210125
78005,74101210125
78759,74101210125
78010,74101210125
78843,74101210125
78801,74101210125
76458,74101210125
76442,74101210125
35475,74101210156
72069,74101210156
94088,74101210156
70526,74101210156
33401,74101210156
71744,74101210156
50848,74101210156
60970,74101210156
47172,74101210156
30332,74101210156
66725,74101210156
40311,74101210156
63373,74101210156
39056,74101210156
27302,74101210156
42728,74101210156
29080,74101210156
37091,74101210156
74540,74101210156
22108,74101210156
26585,74101210156
35653,74101210156
72019,74101210156
70445,74101210156
33548,74101210156
71225,74101210156
52556,74101210156
61550,74101210156
47725,74101210156
30401,74101210156
67353,74101210156
41317,74101210156
64401,74101210156
39069,74101210156
27823,74101210156
43766,74101210156
29081,74101210156
37189,74101210156
75432,74101210156
22801,74101210156
25545,74101210156
35901,74101210156
72738,74101210156
70811,74101210156
32344,74101210156
71303,74101210156
62707,74101210156
47802,74101210156
30577,74101210156
66040,74101210156
63468,74101210156
39345,74101210156
28110,74101210156
42445,74101210156
29108,74101210156
37617,74101210156
74059,74101210156
23487,74101210156
26208,74101210156
36022,74101210156
72401,74101210156
32439,74101210156
71101,74101210156
62812,74101210156
46176,74101210156
30631,74101210156
66801,74101210156
63640,74101210156
39429,74101210156
28139,74101210156
29429,74101210156
37863,74101210156
76272,74101210156
23930,74101210156
36027,74101210156
72653,74101210156
32443,74101210156
71854,74101210156
45068,74101210156
30721,74101210156
66544,74101210156
63834,74101210156
39452,74101210156
28352,74101210156
29582,74101210156
38344,74101210156
76065,74101210156
24153,74101210156
36028,74101210156
32626,74101210156
71953,74101210156
31030,74101210156
67460,74101210156
63935,74101210156
39744,74101210156
28366,74101210156
38583,74101210156
75948,74101210156
24828,74101210156
36451,74101210156
32609,74101210156
73030,74101210156
31331,74101210156
67031,74101210156
65101,74101210156
28454,74101210156
38635,74101210156
77632,74101210156
36855,74101210156
32082,74101210156
31630,74101210156
66966,74101210156
65542,74101210156
28676,74101210156
38751,74101210156
77327,74101210156
34715,74101210156
73755,74101210156
31791,74101210156
68467,74101210156
65802,74101210156
75389,74101210156
33470,74101210156
33134,74101210156
68463,74101210156
76708,74101210156
33982,74101210156
77879,74101210156
34141,74101210156
67155,74101210156
77437,74101210156
78122,74101210156
78102,74101210156
78385,74101210156
78559,74101210156
78360,74101210156
78014,74101210156
78834,74101210156
78005,74101210156
78759,74101210156
78010,74101210156
78843,74101210156
78801,74101210156
76458,74101210156
76442,74101210156
35475,74101210057
72069,74101210057
94088,74101210057
70526,74101210057
33401,74101210057
71744,74101210057
50848,74101210057
60970,74101210057
47172,74101210057
30332,74101210057
66725,74101210057
40311,74101210057
63373,74101210057
39056,74101210057
27302,74101210057
42728,74101210057
29080,74101210057
37091,74101210057
74540,74101210057
22108,74101210057
26585,74101210057
35653,74101210057
72019,74101210057
70445,74101210057
33548,74101210057
71225,74101210057
52556,74101210057
61550,74101210057
47725,74101210057
30401,74101210057
67353,74101210057
41317,74101210057
64401,74101210057
39069,74101210057
27823,74101210057
43766,74101210057
29081,74101210057
37189,74101210057
75432,74101210057
22801,74101210057
25545,74101210057
35901,74101210057
72738,74101210057
70811,74101210057
32344,74101210057
71303,74101210057
62707,74101210057
47802,74101210057
30577,74101210057
66040,74101210057
63468,74101210057
39345,74101210057
28110,74101210057
42445,74101210057
29108,74101210057
37617,74101210057
74059,74101210057
23487,74101210057
26208,74101210057
36022,74101210057
72401,74101210057
32439,74101210057
71101,74101210057
62812,74101210057
46176,74101210057
30631,74101210057
66801,74101210057
63640,74101210057
39429,74101210057
28139,74101210057
29429,74101210057
37863,74101210057
76272,74101210057
23930,74101210057
36027,74101210057
72653,74101210057
32443,74101210057
71854,74101210057
45068,74101210057
30721,74101210057
66544,74101210057
63834,74101210057
39452,74101210057
28352,74101210057
29582,74101210057
38344,74101210057
76065,74101210057
24153,74101210057
36028,74101210057
32626,74101210057
71953,74101210057
31030,74101210057
67460,74101210057
63935,74101210057
39744,74101210057
28366,74101210057
38583,74101210057
75948,74101210057
24828,74101210057
36451,74101210057
32609,74101210057
73030,74101210057
31331,74101210057
67031,74101210057
65101,74101210057
28454,74101210057
38635,74101210057
77632,74101210057
36855,74101210057
32082,74101210057
31630,74101210057
66966,74101210057
65542,74101210057
28676,74101210057
38751,74101210057
77327,74101210057
34715,74101210057
73755,74101210057
31791,74101210057
68467,74101210057
65802,74101210057
75389,74101210057
33470,74101210057
33134,74101210057
68463,74101210057
76708,74101210057
33982,74101210057
77879,74101210057
34141,74101210057
67155,74101210057
77437,74101210057
78122,74101210057
78102,74101210057
78385,74101210057
78559,74101210057
78360,74101210057
78014,74101210057
78834,74101210057
78005,74101210057
78759,74101210057
78010,74101210057
78843,74101210057
78801,74101210057
76458,74101210057
76442,74101210057
